<?xml version="1.0" encoding="UTF-8"?>
<root>
  <item name="com.twilio.video.CameraCapturer.Error">
    <annotation name="android.support.annotation.IntDef">
      <val name="value" val="{com.twilio.video.CameraCapturer.ERROR_CAMERA_FREEZE, com.twilio.video.CameraCapturer.ERROR_CAMERA_SERVER_STOPPED, com.twilio.video.CameraCapturer.ERROR_UNSUPPORTED_SOURCE, com.twilio.video.CameraCapturer.ERROR_CAMERA_PERMISSION_NOT_GRANTED, com.twilio.video.CameraCapturer.ERROR_CAMERA_SWITCH_FAILED, com.twilio.video.CameraCapturer.ERROR_UNKNOWN}" />
    </annotation>
  </item>
  <item name="com.twilio.video.CameraCapturer.Listener void onError(int) 0">
    <annotation name="android.support.annotation.IntDef">
      <val name="value" val="{com.twilio.video.CameraCapturer.ERROR_CAMERA_FREEZE, com.twilio.video.CameraCapturer.ERROR_CAMERA_SERVER_STOPPED, com.twilio.video.CameraCapturer.ERROR_UNSUPPORTED_SOURCE, com.twilio.video.CameraCapturer.ERROR_CAMERA_PERMISSION_NOT_GRANTED, com.twilio.video.CameraCapturer.ERROR_CAMERA_SWITCH_FAILED, com.twilio.video.CameraCapturer.ERROR_UNKNOWN}" />
    </annotation>
  </item>
  <item name="com.twilio.video.TwilioException TwilioException(int, java.lang.String, java.lang.String) 0">
    <annotation name="android.support.annotation.IntDef">
      <val name="value" val="{com.twilio.video.TwilioException.ACCESS_TOKEN_INVALID_EXCEPTION, com.twilio.video.TwilioException.ACCESS_TOKEN_HEADER_INVALID_EXCEPTION, com.twilio.video.TwilioException.ACCESS_TOKEN_ISSUER_INVALID_EXCEPTION, com.twilio.video.TwilioException.ACCESS_TOKEN_EXPIRED_EXCEPTION, com.twilio.video.TwilioException.ACCESS_TOKEN_NOT_YET_VALID_EXCEPTION, com.twilio.video.TwilioException.ACCESS_TOKEN_GRANTS_INVALID_EXCEPTION, com.twilio.video.TwilioException.ACCESS_TOKEN_SIGNATURE_INVALID_EXCEPTION, com.twilio.video.TwilioException.SIGNALING_CONNECTION_ERROR_EXCEPTION, com.twilio.video.TwilioException.SIGNALING_CONNECTION_DISCONNECTED_EXCEPTION, com.twilio.video.TwilioException.SIGNALING_CONNECTION_TIMEOUT_EXCEPTION, com.twilio.video.TwilioException.SIGNALING_INCOMING_MESSAGE_INVALID_EXCEPTION, com.twilio.video.TwilioException.SIGNALING_OUTGOING_MESSAGE_INVALID_EXCEPTION, com.twilio.video.TwilioException.ROOM_NAME_INVALID_EXCEPTION, com.twilio.video.TwilioException.ROOM_NAME_TOO_LONG_EXCEPTION, com.twilio.video.TwilioException.ROOM_NAME_CHARS_INVALID_EXCEPTION, com.twilio.video.TwilioException.ROOM_CREATE_FAILED_EXCEPTION, com.twilio.video.TwilioException.ROOM_CONNECT_FAILED_EXCEPTION, com.twilio.video.TwilioException.ROOM_MAX_PARTICIPANTS_EXCEEDED_EXCEPTION, com.twilio.video.TwilioException.ROOM_NOT_FOUND_EXCEPTION, com.twilio.video.TwilioException.ROOM_MAX_PARTICIPANTS_OUT_OF_RANGE_EXCEPTION, com.twilio.video.TwilioException.ROOM_TYPE_INVALID_EXCEPTION, com.twilio.video.TwilioException.ROOM_TIMEOUT_OUT_OF_RANGE_EXCEPTION, com.twilio.video.TwilioException.ROOM_STATUS_CALLBACK_METHOD_INVALID_EXCEPTION, com.twilio.video.TwilioException.ROOM_STATUS_CALLBACK_INVALID_EXCEPTION, com.twilio.video.TwilioException.ROOM_STATUS_INVALID_EXCEPTION, com.twilio.video.TwilioException.PARTICIPANT_IDENTITY_INVALID_EXCEPTION, com.twilio.video.TwilioException.PARTICIPANT_IDENTITY_TOO_LONG_EXCEPTION, com.twilio.video.TwilioException.PARTICIPANT_IDENTITY_CHARS_INVALID_EXCEPTION, com.twilio.video.TwilioException.PARTICIPANT_MAX_TRACKS_EXCEEDED_EXCEPTION, com.twilio.video.TwilioException.PARTICIPANT_NOT_FOUND_EXCEPTION, com.twilio.video.TwilioException.PARTICIPANT_DUPLICATE_IDENTITY_EXCEPTION, com.twilio.video.TwilioException.TRACK_INVALID_EXCEPTION, com.twilio.video.TwilioException.TRACK_NAME_INVALID_EXCEPTION, com.twilio.video.TwilioException.TRACK_NAME_TOO_LONG_EXCEPTION, com.twilio.video.TwilioException.TRACK_NAME_CHARS_INVALID_EXCEPTION, com.twilio.video.TwilioException.MEDIA_CLIENT_LOCAL_DESC_FAILED_EXCEPTION, com.twilio.video.TwilioException.MEDIA_SERVER_LOCAL_DESC_FAILED_EXCEPTION, com.twilio.video.TwilioException.MEDIA_CLIENT_REMOTE_DESC_FAILED_EXCEPTION, com.twilio.video.TwilioException.MEDIA_SERVER_REMOTE_DESC_FAILED_EXCEPTION, com.twilio.video.TwilioException.MEDIA_NO_SUPPORTED_CODEC_EXCEPTION, com.twilio.video.TwilioException.MEDIA_CONNECTION_ERROR_EXCEPTION, com.twilio.video.TwilioException.CONFIGURATION_ACQUIRE_FAILED_EXCEPTION, com.twilio.video.TwilioException.CONFIGURATION_ACQUIRE_TURN_FAILED_EXCEPTION}" />
    </annotation>
  </item>
  <item name="com.twilio.video.TwilioException.Code">
    <annotation name="android.support.annotation.IntDef">
      <val name="value" val="{com.twilio.video.TwilioException.ACCESS_TOKEN_INVALID_EXCEPTION, com.twilio.video.TwilioException.ACCESS_TOKEN_HEADER_INVALID_EXCEPTION, com.twilio.video.TwilioException.ACCESS_TOKEN_ISSUER_INVALID_EXCEPTION, com.twilio.video.TwilioException.ACCESS_TOKEN_EXPIRED_EXCEPTION, com.twilio.video.TwilioException.ACCESS_TOKEN_NOT_YET_VALID_EXCEPTION, com.twilio.video.TwilioException.ACCESS_TOKEN_GRANTS_INVALID_EXCEPTION, com.twilio.video.TwilioException.ACCESS_TOKEN_SIGNATURE_INVALID_EXCEPTION, com.twilio.video.TwilioException.SIGNALING_CONNECTION_ERROR_EXCEPTION, com.twilio.video.TwilioException.SIGNALING_CONNECTION_DISCONNECTED_EXCEPTION, com.twilio.video.TwilioException.SIGNALING_CONNECTION_TIMEOUT_EXCEPTION, com.twilio.video.TwilioException.SIGNALING_INCOMING_MESSAGE_INVALID_EXCEPTION, com.twilio.video.TwilioException.SIGNALING_OUTGOING_MESSAGE_INVALID_EXCEPTION, com.twilio.video.TwilioException.ROOM_NAME_INVALID_EXCEPTION, com.twilio.video.TwilioException.ROOM_NAME_TOO_LONG_EXCEPTION, com.twilio.video.TwilioException.ROOM_NAME_CHARS_INVALID_EXCEPTION, com.twilio.video.TwilioException.ROOM_CREATE_FAILED_EXCEPTION, com.twilio.video.TwilioException.ROOM_CONNECT_FAILED_EXCEPTION, com.twilio.video.TwilioException.ROOM_MAX_PARTICIPANTS_EXCEEDED_EXCEPTION, com.twilio.video.TwilioException.ROOM_NOT_FOUND_EXCEPTION, com.twilio.video.TwilioException.ROOM_MAX_PARTICIPANTS_OUT_OF_RANGE_EXCEPTION, com.twilio.video.TwilioException.ROOM_TYPE_INVALID_EXCEPTION, com.twilio.video.TwilioException.ROOM_TIMEOUT_OUT_OF_RANGE_EXCEPTION, com.twilio.video.TwilioException.ROOM_STATUS_CALLBACK_METHOD_INVALID_EXCEPTION, com.twilio.video.TwilioException.ROOM_STATUS_CALLBACK_INVALID_EXCEPTION, com.twilio.video.TwilioException.ROOM_STATUS_INVALID_EXCEPTION, com.twilio.video.TwilioException.PARTICIPANT_IDENTITY_INVALID_EXCEPTION, com.twilio.video.TwilioException.PARTICIPANT_IDENTITY_TOO_LONG_EXCEPTION, com.twilio.video.TwilioException.PARTICIPANT_IDENTITY_CHARS_INVALID_EXCEPTION, com.twilio.video.TwilioException.PARTICIPANT_MAX_TRACKS_EXCEEDED_EXCEPTION, com.twilio.video.TwilioException.PARTICIPANT_NOT_FOUND_EXCEPTION, com.twilio.video.TwilioException.PARTICIPANT_DUPLICATE_IDENTITY_EXCEPTION, com.twilio.video.TwilioException.TRACK_INVALID_EXCEPTION, com.twilio.video.TwilioException.TRACK_NAME_INVALID_EXCEPTION, com.twilio.video.TwilioException.TRACK_NAME_TOO_LONG_EXCEPTION, com.twilio.video.TwilioException.TRACK_NAME_CHARS_INVALID_EXCEPTION, com.twilio.video.TwilioException.MEDIA_CLIENT_LOCAL_DESC_FAILED_EXCEPTION, com.twilio.video.TwilioException.MEDIA_SERVER_LOCAL_DESC_FAILED_EXCEPTION, com.twilio.video.TwilioException.MEDIA_CLIENT_REMOTE_DESC_FAILED_EXCEPTION, com.twilio.video.TwilioException.MEDIA_SERVER_REMOTE_DESC_FAILED_EXCEPTION, com.twilio.video.TwilioException.MEDIA_NO_SUPPORTED_CODEC_EXCEPTION, com.twilio.video.TwilioException.MEDIA_CONNECTION_ERROR_EXCEPTION, com.twilio.video.TwilioException.CONFIGURATION_ACQUIRE_FAILED_EXCEPTION, com.twilio.video.TwilioException.CONFIGURATION_ACQUIRE_TURN_FAILED_EXCEPTION}" />
    </annotation>
  </item>
</root>

